SecurityID,PriceDate,Price,Source
10152,2026-10-07 21:00:12,259.69,Collector_Worker_YahooWeekday_1200-2259_UTC
12007,2026-10-07 21:00:12,17508.18,Collector_Worker_YahooWeekday_1200-2259_UTC
12161,2026-08-31 00:00:00,500,manual
21000,2026-10-03 00:00:00,48.6,Splint: valuation worker
22000,2026-10-07 21:00:07,116.07,Collector_Worker_YahooDaily_0001-2359_UTC
22213,2026-10-07 21:00:08,36233.63,Collector_Worker_YahooWeekday_0600-2000_UTC
31007,2026-10-06 23:43:07,0.55,Collector_Worker_others_2143_UTC / SNB
31008,2026-10-06 23:43:07,1627.46,Collector_Worker_others_2143_UTC / onvista
31009,2026-10-06 23:43:07,1.63,Collector_Worker_others_2143_UTC / RB Winterthur
31010,2026-10-06 23:43:07,1.9,Collector_Worker_others_2143_UTC / RB Winterthur
31011,2026-10-06 23:43:07,2.16,Collector_Worker_others_2143_UTC / RB Winterthur
31012,2026-10-06 23:43:07,2.51,Collector_Worker_others_2143_UTC / RB Winterthur
31013,2026-10-07 21:00:12,11730.47,Collector_Worker_YahooWeekday_1200-2259_UTC
31014,2026-10-07 21:00:12,5.275,Collector_Worker_YahooWeekday_1200-2259_UTC
274207,2026-10-07 21:00:14,100.49,Collector_Worker_YahooWeekday_0300-2259_UTC
274702,2026-10-07 21:00:14,4138,Collector_Worker_YahooWeekday_0300-2259_UTC
274720,2026-10-07 21:00:14,60.135,Collector_Worker_YahooWeekday_0300-2259_UTC
275000,2026-10-07 21:00:14,0.8329,Collector_Worker_YahooWeekday_0300-2259_UTC
275001,2026-10-07 21:00:14,1.101,Collector_Worker_YahooWeekday_0300-2259_UTC
275018,2026-10-07 21:00:14,0.0053,Collector_Worker_YahooWeekday_0300-2259_UTC
281383,2026-10-06 23:43:07,632,Collector_Worker_others_2143_UTC / Raiffeisen Börse
891800,2026-10-07 21:00:14,1726.48,Collector_Worker_YahooWeekday_0300-2259_UTC
897789,2026-10-07 21:00:14,0.9328,Collector_Worker_YahooWeekday_0300-2259_UTC
908440,2026-10-07 21:00:12,336.954,Collector_Worker_YahooWeekday_1200-2259_UTC
951692,2026-10-07 21:00:12,530.93,Collector_Worker_YahooWeekday_1200-2259_UTC
994529,2026-10-07 21:00:12,236.82,Collector_Worker_YahooWeekday_1200-2259_UTC
998089,2026-10-07 21:00:08,13808.42,Collector_Worker_YahooWeekday_0600-2000_UTC
998356,2026-10-07 21:00:12,27523.947,Collector_Worker_YahooWeekday_1200-2259_UTC
998434,2026-10-06 23:35:07,7818.93,Collector_Worker_YahooWeekday_2135_UTC
998750,2026-10-07 21:00:08,19555.48,Collector_Worker_YahooWeekday_0600-2000_UTC
1384101,2026-10-07 21:00:08,577.2,Collector_Worker_YahooWeekday_0600-2000_UTC
1485278,2026-10-06 23:35:07,899,Collector_Worker_YahooWeekday_2135_UTC
1600534,2026-10-07 21:00:12,8553.22,Collector_Worker_YahooWeekday_1200-2259_UTC
2460882,2026-10-07 21:00:08,591.4,Collector_Worker_YahooWeekday_0600-2000_UTC
3025290,2026-10-07 21:00:08,4405.23,Collector_Worker_YahooWeekday_0600-2000_UTC
3246398,2026-10-07 21:00:08,39.325,Collector_Worker_YahooWeekday_0600-2000_UTC
3886335,2026-10-07 21:00:08,75.56,Collector_Worker_YahooWeekday_0600-2000_UTC
4549696,2026-10-07 21:00:08,110.44,Collector_Worker_YahooWeekday_0600-2000_UTC
4778469,2026-10-07 21:00:14,4959.77,Collector_Worker_YahooWeekday_0300-2259_UTC
10192176,2026-10-07 21:00:08,353.9,Collector_Worker_YahooWeekday_0600-2000_UTC
10602719,2026-10-07 21:00:08,131.24,Collector_Worker_YahooWeekday_0600-2000_UTC
10608419,2026-10-07 21:00:08,84.4,Collector_Worker_YahooWeekday_0600-2000_UTC
10737120,2026-10-07 21:00:08,239.68,Collector_Worker_YahooWeekday_0600-2000_UTC
10737489,2026-10-07 21:00:08,255.2,Collector_Worker_YahooWeekday_0600-2000_UTC
10737587,2026-10-07 21:00:08,240.05,Collector_Worker_YahooWeekday_0600-2000_UTC
11176253,2026-10-07 21:00:08,309.75,Collector_Worker_YahooWeekday_0600-2000_UTC
11195919,2026-10-07 21:00:08,97.5,Collector_Worker_YahooWeekday_0600-2000_UTC
14969376,2026-10-07 21:00:08,29.395,Collector_Worker_YahooWeekday_0600-2000_UTC
18575508,2026-10-07 21:00:08,147.385,Collector_Worker_YahooWeekday_0600-2000_UTC
18789194,2026-10-07 21:00:07,83372.79,Collector_Worker_YahooDaily_0001-2359_UTC
21048333,2026-10-07 21:00:08,172.6,Collector_Worker_YahooWeekday_0600-2000_UTC
21413071,2026-10-07 21:00:12,25.315,Collector_Worker_YahooWeekday_1200-2259_UTC
21644750,2026-10-07 21:00:08,16.75,Collector_Worker_YahooWeekday_0600-2000_UTC
23793563,2026-10-07 21:00:08,185.82,Collector_Worker_YahooWeekday_0600-2000_UTC
24209517,2026-10-07 21:00:08,55.25,Collector_Worker_YahooWeekday_0600-2000_UTC
24476758,2026-10-07 21:00:08,39.33,Collector_Worker_YahooWeekday_0600-2000_UTC
24514626,2026-10-07 21:00:08,117.43,Collector_Worker_YahooWeekday_0600-2000_UTC
26729122,2026-10-07 21:00:08,41.16,Collector_Worker_YahooWeekday_0600-2000_UTC
29798540,2026-10-07 21:00:12,346.34,Collector_Worker_YahooWeekday_1200-2259_UTC
40149561,2026-10-07 21:00:07,2561.84,Collector_Worker_YahooDaily_0001-2359_UTC
41125207,2026-10-07 21:00:08,62.47,Collector_Worker_YahooWeekday_0600-2000_UTC
41879292,2026-10-07 21:00:08,173.75,Collector_Worker_YahooWeekday_0600-2000_UTC
43249246,2026-10-07 21:00:08,52.7,Collector_Worker_YahooWeekday_0600-2000_UTC
46664220,2026-10-07 21:00:08,206.6,Collector_Worker_YahooWeekday_0600-2000_UTC
114426952,2026-10-06 23:43:07,136.48,Collector_Worker_others_2143_UTC / Raiffeisen Börse
114426954,2026-10-06 23:43:07,138.4,Collector_Worker_others_2143_UTC / Raiffeisen Börse
152860278,2026-10-07 21:00:08,372.79,Collector_Worker_YahooWeekday_0600-2000_UTC
156888148,2026-10-07 21:00:12,166.8,Collector_Worker_YahooWeekday_1200-2259_UTC
